ID_COUNTRY;ID_AZIENDA;ID_CLIENTE;ID_GARANZIA;ID_GAR_ENTE;DESCR_GAR_ENTE;PLAFOND;DATA_INIZIO;DATA_FINE;DESC_GAR_TIPO;ID_GAR_TIPO;PERSONALE;
IT;IT10;130802;102593;10;Lince;20000,00;18/02/2014 00:00:00;17/02/2015 00:00:00;Scoring;10;N;
IT;IT10;132587;104194;10;Lince;0,00;17/03/2014 00:00:00;16/03/2015 00:00:00;Scoring;10;N;
IT;IT10;132983;104586;10;Lince;0,00;09/05/2014 00:00:00;08/05/2015 00:00:00;Scoring;10;N;
IT;IT10;133195;104805;10;Lince;0,00;17/03/2014 00:00:00;16/03/2015 00:00:00;Scoring;10;N;
IT;IT10;133542;105119;10;Lince;0,00;17/03/2014 00:00:00;16/03/2015 00:00:00;Scoring;10;N;
IT;IT10;133768;105362;10;Lince;0,00;07/04/2014 00:00:00;06/04/2015 00:00:00;Scoring;10;N;
IT;IT10;134030;105631;10;Lince;20000,00;17/03/2014 00:00:00;16/03/2015 00:00:00;Scoring;10;N;
IT;IT10;134030;105632;10;Lince;20000,00;17/03/2014 00:00:00;16/03/2015 00:00:00;Scoring;10;N;
IT;IT10;134030;105633;10;Lince;20000,00;17/03/2014 00:00:00;16/03/2015 00:00:00;Scoring;10;N;
IT;IT10;134030;105634;10;Lince;20000,00;17/03/2014 00:00:00;16/03/2015 00:00:00;Scoring;10;N;
IT;IT10;134030;105635;10;Lince;20000,00;17/03/2014 00:00:00;16/03/2015 00:00:00;Scoring;10;N;
IT;IT10;134030;105636;10;Lince;20000,00;17/03/2014 00:00:00;16/03/2015 00:00:00;Scoring;10;N;
IT;IT10;134030;105637;10;Lince;20000,00;17/03/2014 00:00:00;16/03/2015 00:00:00;Scoring;10;N;
IT;IT10;134689;106447;10;Lince;0,00;17/03/2014 00:00:00;16/03/2015 00:00:00;Scoring;10;N;
IT;IT10;134689;106448;10;Lince;0,00;17/03/2014 00:00:00;16/03/2015 00:00:00;Scoring;10;N;
IT;IT10;138797;110602;10;Lince;0,00;09/05/2014 00:00:00;08/05/2015 00:00:00;Scoring;10;N;
IT;IT10;140953;112555;10;Lince;0,00;17/04/2014 00:00:00;16/04/2015 00:00:00;Scoring;10;N;
IT;IT10;141055;112652;10;Lince;0,00;17/04/2014 00:00:00;16/04/2015 00:00:00;Scoring;10;N;
IT;IT10;141268;112858;10;Lince;20000,00;17/04/2014 00:00:00;16/04/2015 00:00:00;Scoring;10;N;
IT;IT10;141743;113287;10;Lince;0,00;09/05/2014 00:00:00;08/05/2015 00:00:00;Scoring;10;N;
IT;IT10;142150;113622;10;Lince;0,00;09/05/2014 00:00:00;08/05/2015 00:00:00;Scoring;10;N;
IT;IT10;142240;113704;10;Lince;0,00;09/05/2014 00:00:00;08/05/2015 00:00:00;Scoring;10;N;
IT;IT10;142331;113789;10;Lince;20000,00;09/05/2014 00:00:00;08/05/2015 00:00:00;Scoring;10;N;
IT;IT10;142542;113976;10;Lince;0,00;09/05/2014 00:00:00;08/05/2015 00:00:00;Scoring;10;N;
IT;IT10;185573;135636;10;Lince;0,00;14/02/2015 00:00:00;13/02/2016 00:00:00;Scoring;10;N;
IT;IT10;185480;135664;10;Lince;0,00;16/02/2015 00:00:00;15/02/2016 00:00:00;Scoring;10;N;
IT;IT10;185367;135802;10;Lince;0,00;17/02/2015 00:00:00;16/02/2016 00:00:00;Scoring;10;N;
IT;IT10;185699;135822;10;Lince;0,00;17/02/2015 00:00:00;16/02/2016 00:00:00;Scoring;10;N;
IT;IT10;184536;135894;10;Lince;0,00;17/02/2015 00:00:00;16/02/2016 00:00:00;Scoring;10;N;
IT;IT10;185040;136129;10;Lince;0,00;17/02/2015 00:00:00;16/02/2016 00:00:00;Scoring;10;N;
IT;IT10;185237;136338;10;Lince;0,00;17/02/2015 00:00:00;16/02/2016 00:00:00;Scoring;10;N;
IT;IT10;185878;136371;10;Lince;0,00;17/02/2015 00:00:00;16/02/2016 00:00:00;Scoring;10;N;
IT;IT10;185925;136400;10;Lince;0,00;17/02/2015 00:00:00;16/02/2016 00:00:00;Scoring;10;N;
IT;IT10;185931;136405;10;Lince;0,00;17/02/2015 00:00:00;16/02/2016 00:00:00;Scoring;10;N;
IT;IT10;185960;136428;10;Lince;0,00;18/02/2015 00:00:00;17/02/2016 00:00:00;Scoring;10;N;
IT;IT10;185964;136429;10;Lince;0,00;18/02/2015 00:00:00;17/02/2016 00:00:00;Scoring;10;N;
IT;IT10;186018;136434;10;Lince;0,00;18/02/2015 00:00:00;17/02/2016 00:00:00;Scoring;10;N;
IT;IT10;186028;136435;10;Lince;0,00;18/02/2015 00:00:00;17/02/2016 00:00:00;Scoring;10;N;
IT;IT10;186040;136436;10;Lince;0,00;18/02/2015 00:00:00;17/02/2016 00:00:00;Scoring;10;N;
IT;IT10;185831;136448;10;Lince;0,00;18/02/2015 00:00:00;17/02/2016 00:00:00;Scoring;10;N;
IT;IT10;185833;136449;10;Lince;0,00;18/02/2015 00:00:00;17/02/2016 00:00:00;Scoring;10;N;
IT;IT10;186087;136462;10;Lince;0,00;18/02/2015 00:00:00;17/02/2016 00:00:00;Scoring;10;N;
IT;IT10;178836;136470;10;Lince;0,00;18/02/2015 00:00:00;17/02/2016 00:00:00;Scoring;10;N;
IT;IT10;184685;136534;10;Lince;0,00;18/02/2015 00:00:00;17/02/2016 00:00:00;Scoring;10;N;
IT;IT10;184689;136536;10;Lince;0,00;18/02/2015 00:00:00;17/02/2016 00:00:00;Scoring;10;N;
IT;IT10;184729;136551;10;Lince;0,00;18/02/2015 00:00:00;17/02/2016 00:00:00;Scoring;10;N;
IT;IT10;184955;136606;10;Lince;0,00;18/02/2015 00:00:00;17/02/2016 00:00:00;Scoring;10;N;
IT;IT10;185376;136655;10;Lince;0,00;18/02/2015 00:00:00;17/02/2016 00:00:00;Scoring;10;N;
IT;IT10;185384;136657;10;Lince;0,00;18/02/2015 00:00:00;17/02/2016 00:00:00;Scoring;10;N;
IT;IT10;185456;136671;10;Lince;0,00;18/02/2015 00:00:00;17/02/2016 00:00:00;Scoring;10;N;
IT;IT10;185945;136691;10;Lince;0,00;18/02/2015 00:00:00;17/02/2016 00:00:00;Scoring;10;N;
IT;IT10;186145;136872;10;Lince;0,00;18/02/2015 00:00:00;17/02/2016 00:00:00;Scoring;10;N;
IT;IT10;186161;136885;10;Lince;0,00;18/02/2015 00:00:00;17/02/2016 00:00:00;Scoring;10;N;
IT;IT10;111838;136899;12;Coface;0,00;18/02/2015 00:00:00;17/02/2016 00:00:00;Assicurazione Credito;1;N;
IT;IT10;186187;136962;10;Lince;0,00;20/02/2015 00:00:00;19/02/2016 00:00:00;Scoring;10;N;
IT;IT10;186394;137103;10;Lince;0,00;20/02/2015 00:00:00;19/02/2016 00:00:00;Scoring;10;N;
IT;IT10;186404;137110;10;Lince;0,00;20/02/2015 00:00:00;19/02/2016 00:00:00;Scoring;10;N;
IT;IT10;186513;137149;10;Lince;0,00;20/02/2015 00:00:00;19/02/2016 00:00:00;Scoring;10;N;
IT;IT10;186551;137171;10;Lince;0,00;20/02/2015 00:00:00;19/02/2016 00:00:00;Scoring;10;N;
IT;IT10;186519;137208;10;Lince;0,00;21/02/2015 00:00:00;20/02/2016 00:00:00;Scoring;10;N;
IT;IT10;186541;137223;10;Lince;0,00;21/02/2015 00:00:00;20/02/2016 00:00:00;Scoring;10;N;
IT;IT10;186577;137247;10;Lince;0,00;21/02/2015 00:00:00;20/02/2016 00:00:00;Scoring;10;N;
IT;IT10;186626;137313;10;Lince;0,00;22/02/2015 00:00:00;21/02/2016 00:00:00;Scoring;10;N;
IT;IT10;186686;137331;10;Lince;0,00;23/02/2015 00:00:00;22/02/2016 00:00:00;Scoring;10;N;
IT;IT10;186644;137344;10;Lince;0,00;24/02/2015 00:00:00;23/02/2016 00:00:00;Scoring;10;N;
IT;IT10;186781;137415;10;Lince;0,00;24/02/2015 00:00:00;23/02/2016 00:00:00;Scoring;10;N;
IT;IT10;186809;137528;10;Lince;0,00;25/02/2015 00:00:00;24/02/2016 00:00:00;Scoring;10;N;
IT;IT10;186828;137533;10;Lince;0,00;25/02/2015 00:00:00;24/02/2016 00:00:00;Scoring;10;N;
IT;IT10;186845;137538;10;Lince;0,00;25/02/2015 00:00:00;24/02/2016 00:00:00;Scoring;10;N;
IT;IT10;186849;137542;10;Lince;0,00;25/02/2015 00:00:00;24/02/2016 00:00:00;Scoring;10;N;
IT;IT10;186915;137579;10;Lince;0,00;25/02/2015 00:00:00;24/02/2016 00:00:00;Scoring;10;N;
IT;IT10;187215;137792;10;Lince;0,00;26/02/2015 00:00:00;25/02/2016 00:00:00;Scoring;10;N;
IT;IT10;187453;137889;10;Lince;0,00;26/02/2015 00:00:00;25/02/2016 00:00:00;Scoring;10;N;
IT;IT10;187484;138058;10;Lince;5353,00;27/02/2015 00:00:00;26/02/2016 00:00:00;Scoring;10;N;
IT;IT10;187546;138106;10;Lince;0,00;27/02/2015 00:00:00;26/02/2016 00:00:00;Scoring;10;N;
IT;IT10;184256;138157;10;Lince;0,00;27/02/2015 00:00:00;26/02/2016 00:00:00;Scoring;10;N;
IT;IT10;184477;138180;10;Lince;0,00;27/02/2015 00:00:00;26/02/2016 00:00:00;Scoring;10;N;
IT;IT10;184674;138211;10;Lince;0,00;27/02/2015 00:00:00;26/02/2016 00:00:00;Scoring;10;N;
IT;IT10;184795;138221;10;Lince;0,00;27/02/2015 00:00:00;26/02/2016 00:00:00;Scoring;10;N;
IT;IT10;184796;138222;10;Lince;0,00;27/02/2015 00:00:00;26/02/2016 00:00:00;Scoring;10;N;
IT;IT10;185436;138299;10;Lince;0,00;27/02/2015 00:00:00;26/02/2016 00:00:00;Scoring;10;N;
IT;IT10;187090;138316;10;Lince;0,00;27/02/2015 00:00:00;26/02/2016 00:00:00;Scoring;10;N;
IT;IT10;187869;138359;12;Coface;0,00;02/03/2015 00:00:00;01/03/2016 00:00:00;Assicurazione Credito;1;N;
IT;IT10;186773;138387;10;Lince;0,00;02/03/2015 00:00:00;01/03/2016 00:00:00;Scoring;10;N;
IT;IT10;187665;138489;10;Lince;0,00;02/03/2015 00:00:00;01/03/2016 00:00:00;Scoring;10;N;
IT;IT10;187744;138549;10;Lince;0,00;02/03/2015 00:00:00;01/03/2016 00:00:00;Scoring;10;N;
IT;IT10;187926;138651;10;Lince;0,00;02/03/2015 00:00:00;01/03/2016 00:00:00;Scoring;10;N;
IT;IT10;188077;138881;10;Lince;0,00;03/03/2015 00:00:00;02/03/2016 00:00:00;Scoring;10;N;
IT;IT10;186561;138915;10;Lince;0,00;03/03/2015 00:00:00;02/03/2016 00:00:00;Scoring;10;N;
IT;IT10;188029;138918;10;Lince;0,00;03/03/2015 00:00:00;02/03/2016 00:00:00;Scoring;10;N;
IT;IT10;188121;138952;10;Lince;0,00;04/03/2015 00:00:00;03/03/2016 00:00:00;Scoring;10;N;
IT;IT10;188141;138960;10;Lince;0,00;04/03/2015 00:00:00;03/03/2016 00:00:00;Scoring;10;N;
IT;IT10;188158;138970;10;Lince;0,00;04/03/2015 00:00:00;03/03/2016 00:00:00;Scoring;10;N;
IT;IT10;186557;139012;10;Lince;0,00;04/03/2015 00:00:00;03/03/2016 00:00:00;Scoring;10;N;
IT;IT10;188280;139049;10;Lince;0,00;04/03/2015 00:00:00;03/03/2016 00:00:00;Scoring;10;N;
IT;IT10;188281;139050;10;Lince;0,00;04/03/2015 00:00:00;03/03/2016 00:00:00;Scoring;10;N;
IT;IT10;188311;139054;10;Lince;0,00;04/03/2015 00:00:00;03/03/2016 00:00:00;Scoring;10;N;
IT;IT10;188844;139649;10;Lince;0,00;09/03/2015 00:00:00;08/03/2016 00:00:00;Scoring;10;N;
IT;IT10;188876;139706;10;Lince;0,00;10/03/2015 00:00:00;09/03/2016 00:00:00;Scoring;10;N;
IT;IT10;188945;139750;10;Lince;0,00;10/03/2015 00:00:00;09/03/2016 00:00:00;Scoring;10;N;
IT;IT10;189031;140024;10;Lince;0,00;12/03/2015 00:00:00;11/03/2016 00:00:00;Scoring;10;N;
IT;IT10;189356;140128;10;Lince;0,00;12/03/2015 00:00:00;11/03/2016 00:00:00;Scoring;10;N;
IT;IT10;189776;140540;10;Lince;0,00;15/03/2015 00:00:00;14/03/2016 00:00:00;Scoring;10;N;
IT;IT10;189587;140576;10;Lince;0,00;16/03/2015 00:00:00;15/03/2016 00:00:00;Scoring;10;N;
IT;IT10;189946;140723;10;Lince;0,00;17/03/2015 00:00:00;16/03/2016 00:00:00;Scoring;10;N;
IT;IT10;189879;140770;10;Lince;0,00;18/03/2015 00:00:00;17/03/2016 00:00:00;Scoring;10;N;
IT;IT10;189915;140778;10;Lince;0,00;18/03/2015 00:00:00;17/03/2016 00:00:00;Scoring;10;N;
IT;IT10;190013;140897;12;Coface;0,00;18/03/2015 00:00:00;17/03/2016 00:00:00;Assicurazione Credito;1;N;
IT;IT10;190161;140934;10;Lince;0,00;18/03/2015 00:00:00;17/03/2016 00:00:00;Scoring;10;N;
IT;IT10;190189;140947;10;Lince;0,00;18/03/2015 00:00:00;17/03/2016 00:00:00;Scoring;10;N;
IT;IT10;190337;141094;10;Lince;0,00;19/03/2015 00:00:00;18/03/2016 00:00:00;Scoring;10;N;
IT;IT10;190683;141497;10;Lince;20000,00;23/03/2015 00:00:00;11/05/2015 00:00:00;Scoring;10;N;
IT;IT10;190724;141507;10;Lince;0,00;23/03/2015 00:00:00;22/03/2016 00:00:00;Scoring;10;N;
IT;IT10;130958;141722;10;Lince;0,00;24/03/2015 00:00:00;23/03/2016 00:00:00;Scoring;10;N;
IT;IT10;191055;141741;10;Lince;0,00;24/03/2015 00:00:00;23/03/2016 00:00:00;Scoring;10;N;
IT;IT10;190736;141750;10;Lince;0,00;25/03/2015 00:00:00;24/03/2016 00:00:00;Scoring;10;N;
IT;IT10;191243;141934;10;Lince;0,00;25/03/2015 00:00:00;24/03/2016 00:00:00;Scoring;10;N;
IT;IT10;190908;142514;10;Lince;0,00;30/03/2015 00:00:00;29/03/2016 00:00:00;Scoring;10;N;
IT;IT10;191094;142549;10;Lince;0,00;30/03/2015 00:00:00;29/03/2016 00:00:00;Scoring;10;N;
IT;IT10;192132;142786;10;Lince;0,00;31/03/2015 00:00:00;30/03/2016 00:00:00;Scoring;10;N;
IT;IT10;192540;143198;10;Lince;0,00;03/04/2015 00:00:00;02/04/2016 00:00:00;Scoring;10;N;
IT;IT10;192561;143225;12;Coface;0,00;03/04/2015 00:00:00;02/04/2016 00:00:00;Assicurazione Credito;1;N;
IT;IT10;192811;143589;10;Lince;66,00;08/04/2015 00:00:00;07/04/2016 00:00:00;Scoring;10;N;
IT;IT10;193143;143790;10;Lince;0,00;09/04/2015 00:00:00;08/04/2016 00:00:00;Scoring;10;N;
IT;IT10;193308;143880;10;Lince;0,00;09/04/2015 00:00:00;08/04/2016 00:00:00;Scoring;10;N;
IT;IT10;193574;144291;10;Lince;0,00;13/04/2015 00:00:00;12/04/2016 00:00:00;Scoring;10;N;
IT;IT10;193826;144519;10;Lince;800,00;15/04/2015 00:00:00;14/04/2016 00:00:00;Scoring;10;N;
IT;IT10;193874;144566;10;Lince;0,00;15/04/2015 00:00:00;14/04/2016 00:00:00;Scoring;10;N;
IT;IT10;193955;144655;10;Lince;300,00;16/04/2015 00:00:00;15/04/2016 00:00:00;Scoring;10;N;
IT;IT10;194145;144776;10;Lince;0,00;16/04/2015 00:00:00;15/04/2016 00:00:00;Scoring;10;N;
IT;IT10;194078;144792;10;Lince;0,00;17/04/2015 00:00:00;16/04/2016 00:00:00;Scoring;10;N;
IT;IT10;194349;145015;12;Coface;0,00;17/04/2015 00:00:00;16/04/2016 00:00:00;Assicurazione Credito;1;N;
IT;IT10;194338;145030;10;Lince;0,00;17/04/2015 00:00:00;16/04/2016 00:00:00;Scoring;10;N;
IT;IT10;194345;145032;10;Lince;48,00;17/04/2015 00:00:00;16/04/2016 00:00:00;Scoring;10;N;
IT;IT10;194448;145046;10;Lince;40,00;17/04/2015 00:00:00;16/04/2016 00:00:00;Scoring;10;N;
IT;IT10;194847;145531;10;Lince;0,00;21/04/2015 00:00:00;20/04/2016 00:00:00;Scoring;10;N;
IT;IT10;106419;145676;10;Lince;0,00;22/04/2015 00:00:00;21/04/2016 00:00:00;Scoring;10;N;
IT;IT10;183490;145678;10;Lince;0,00;22/04/2015 00:00:00;21/04/2016 00:00:00;Scoring;10;N;
IT;IT10;195141;145699;10;Lince;0,00;22/04/2015 00:00:00;21/04/2016 00:00:00;Scoring;10;N;
IT;IT10;195018;145837;10;Lince;0,00;23/04/2015 00:00:00;22/04/2016 00:00:00;Scoring;10;N;
IT;IT10;195201;145841;10;Lince;0,00;23/04/2015 00:00:00;22/04/2016 00:00:00;Scoring;10;N;
IT;IT10;195213;145847;10;Lince;40,00;23/04/2015 00:00:00;22/04/2016 00:00:00;Scoring;10;N;
IT;IT10;195248;145856;10;Lince;0,00;23/04/2015 00:00:00;22/04/2016 00:00:00;Scoring;10;N;
IT;IT10;195339;145930;10;Lince;0,00;24/04/2015 00:00:00;23/04/2016 00:00:00;Scoring;10;N;
IT;IT10;195412;145975;10;Lince;0,00;24/04/2015 00:00:00;23/04/2016 00:00:00;Scoring;10;N;
IT;IT10;195127;146012;10;Lince;0,00;24/04/2015 00:00:00;23/04/2016 00:00:00;Scoring;10;N;
IT;IT10;195318;146049;10;Lince;0,00;25/04/2015 00:00:00;24/04/2016 00:00:00;Scoring;10;N;
IT;IT10;195575;146310;10;Lince;0,00;28/04/2015 00:00:00;27/04/2016 00:00:00;Scoring;10;N;
IT;IT10;195801;146481;10;Lince;398,00;29/04/2015 00:00:00;28/04/2016 00:00:00;Scoring;10;N;
IT;IT10;195796;146524;12;Coface;0,00;29/04/2015 00:00:00;28/04/2016 00:00:00;Assicurazione Credito;1;N;
IT;IT10;195812;146525;12;Coface;746000,00;29/04/2015 00:00:00;28/04/2016 00:00:00;Assicurazione Credito;1;N;
IT;IT10;195988;146696;12;Coface;300000,00;30/04/2015 00:00:00;29/04/2016 00:00:00;Assicurazione Credito;1;N;
IT;IT10;195955;146723;10;Lince;0,00;30/04/2015 00:00:00;29/04/2016 00:00:00;Scoring;10;N;
IT;IT10;196037;146750;12;Coface;260000,00;30/04/2015 00:00:00;29/04/2016 00:00:00;Assicurazione Credito;1;N;
IT;IT10;195985;146771;10;Lince;0,00;01/05/2015 00:00:00;30/04/2016 00:00:00;Scoring;10;N;
IT;IT10;196253;146959;10;Lince;0,00;02/05/2015 00:00:00;01/05/2016 00:00:00;Scoring;10;N;
IT;IT10;196330;147043;10;Lince;0,00;04/05/2015 00:00:00;03/05/2016 00:00:00;Scoring;10;N;
IT;IT10;196315;147053;10;Lince;16,00;04/05/2015 00:00:00;03/05/2016 00:00:00;Scoring;10;N;
IT;IT10;196314;147096;10;Lince;80,00;05/05/2015 00:00:00;04/05/2016 00:00:00;Scoring;10;N;
IT;IT10;196325;147097;10;Lince;852,00;05/05/2015 00:00:00;04/05/2016 00:00:00;Scoring;10;N;
IT;IT10;196429;147168;12;Coface;64000,00;05/05/2015 00:00:00;04/05/2016 00:00:00;Assicurazione Credito;1;N;
IT;IT10;196415;147213;10;Lince;60,00;05/05/2015 00:00:00;04/05/2016 00:00:00;Scoring;10;N;
IT;IT10;196476;147225;10;Lince;0,00;05/05/2015 00:00:00;04/05/2016 00:00:00;Scoring;10;N;
IT;IT10;196485;147238;10;Lince;20000,00;05/05/2015 00:00:00;04/05/2016 00:00:00;Scoring;10;N;
IT;IT10;196495;147257;12;Coface;1230000,00;05/05/2015 00:00:00;04/05/2016 00:00:00;Assicurazione Credito;1;N;
IT;IT10;196508;147259;12;Coface;65000,00;05/05/2015 00:00:00;04/05/2016 00:00:00;Assicurazione Credito;1;N;
IT;IT10;196530;147260;12;Coface;50000,00;05/05/2015 00:00:00;04/05/2016 00:00:00;Assicurazione Credito;1;N;
IT;IT10;196532;147261;12;Coface;50000,00;05/05/2015 00:00:00;04/05/2016 00:00:00;Assicurazione Credito;1;N;
IT;IT10;196414;147262;10;Lince;0,00;05/05/2015 00:00:00;04/05/2016 00:00:00;Scoring;10;N;
IT;IT10;196521;147263;10;Lince;20000,00;05/05/2015 00:00:00;04/05/2016 00:00:00;Scoring;10;N;
IT;IT10;196550;147264;10;Lince;20000,00;05/05/2015 00:00:00;04/05/2016 00:00:00;Scoring;10;N;
IT;IT10;196552;147265;10;Lince;20000,00;05/05/2015 00:00:00;04/05/2016 00:00:00;Scoring;10;N;
IT;IT10;196556;147266;10;Lince;20000,00;05/05/2015 00:00:00;04/05/2016 00:00:00;Scoring;10;N;
IT;IT10;196569;147267;10;Lince;0,00;05/05/2015 00:00:00;04/05/2016 00:00:00;Scoring;10;N;
IT;IT10;196575;147268;10;Lince;20000,00;05/05/2015 00:00:00;04/05/2016 00:00:00;Scoring;10;N;
IT;IT10;196579;147269;10;Lince;20000,00;05/05/2015 00:00:00;04/05/2016 00:00:00;Scoring;10;N;
IT;IT10;196582;147270;10;Lince;20000,00;05/05/2015 00:00:00;04/05/2016 00:00:00;Scoring;10;N;
IT;IT10;196586;147271;10;Lince;0,00;05/05/2015 00:00:00;04/05/2016 00:00:00;Scoring;10;N;
IT;IT10;196592;147272;10;Lince;20000,00;05/05/2015 00:00:00;04/05/2016 00:00:00;Scoring;10;N;
IT;IT10;108361;147273;10;Lince;20000,00;06/05/2015 00:00:00;05/05/2016 00:00:00;Scoring;10;N;
IT;IT10;182206;147274;10;Lince;20000,00;06/05/2015 00:00:00;05/05/2016 00:00:00;Scoring;10;N;
IT;IT10;196405;147275;10;Lince;20000,00;06/05/2015 00:00:00;05/05/2016 00:00:00;Scoring;10;N;
IT;IT10;196427;147276;10;Lince;20000,00;06/05/2015 00:00:00;05/05/2016 00:00:00;Scoring;10;N;
IT;IT10;196471;147277;10;Lince;20000,00;06/05/2015 00:00:00;05/05/2016 00:00:00;Scoring;10;N;
IT;IT10;196478;147278;10;Lince;0,00;06/05/2015 00:00:00;05/05/2016 00:00:00;Scoring;10;N;
IT;IT10;196488;147279;10;Lince;20000,00;06/05/2015 00:00:00;05/05/2016 00:00:00;Scoring;10;N;
IT;IT10;196489;147280;10;Lince;20000,00;06/05/2015 00:00:00;05/05/2016 00:00:00;Scoring;10;N;
IT;IT10;196490;147281;10;Lince;20000,00;06/05/2015 00:00:00;05/05/2016 00:00:00;Scoring;10;N;
IT;IT10;196492;147282;10;Lince;20000,00;06/05/2015 00:00:00;05/05/2016 00:00:00;Scoring;10;N;
IT;IT10;196493;147283;10;Lince;20000,00;06/05/2015 00:00:00;05/05/2016 00:00:00;Scoring;10;N;
IT;IT10;196494;147284;10;Lince;20000,00;06/05/2015 00:00:00;05/05/2016 00:00:00;Scoring;10;N;
IT;IT10;196499;147285;10;Lince;20000,00;06/05/2015 00:00:00;05/05/2016 00:00:00;Scoring;10;N;
IT;IT10;196500;147286;10;Lince;20000,00;06/05/2015 00:00:00;05/05/2016 00:00:00;Scoring;10;N;
IT;IT10;196503;147287;10;Lince;20000,00;06/05/2015 00:00:00;05/05/2016 00:00:00;Scoring;10;N;
IT;IT10;196505;147288;10;Lince;20000,00;06/05/2015 00:00:00;05/05/2016 00:00:00;Scoring;10;N;
IT;IT10;196506;147289;10;Lince;20000,00;06/05/2015 00:00:00;05/05/2016 00:00:00;Scoring;10;N;
IT;IT10;196507;147290;10;Lince;20000,00;06/05/2015 00:00:00;05/05/2016 00:00:00;Scoring;10;N;
IT;IT10;196512;147291;10;Lince;20000,00;06/05/2015 00:00:00;05/05/2016 00:00:00;Scoring;10;N;
IT;IT10;196513;147292;10;Lince;20000,00;06/05/2015 00:00:00;05/05/2016 00:00:00;Scoring;10;N;
IT;IT10;196514;147293;10;Lince;20000,00;06/05/2015 00:00:00;05/05/2016 00:00:00;Scoring;10;N;
IT;IT10;196515;147294;10;Lince;20000,00;06/05/2015 00:00:00;05/05/2016 00:00:00;Scoring;10;N;
IT;IT10;196516;147295;10;Lince;20000,00;06/05/2015 00:00:00;05/05/2016 00:00:00;Scoring;10;N;
IT;IT10;196518;147296;10;Lince;20000,00;06/05/2015 00:00:00;05/05/2016 00:00:00;Scoring;10;N;
IT;IT10;196519;147297;10;Lince;0,00;06/05/2015 00:00:00;05/05/2016 00:00:00;Scoring;10;N;
IT;IT10;196522;147298;10;Lince;20000,00;06/05/2015 00:00:00;05/05/2016 00:00:00;Scoring;10;N;
IT;IT10;196523;147299;10;Lince;20000,00;06/05/2015 00:00:00;05/05/2016 00:00:00;Scoring;10;N;
IT;IT10;196524;147300;10;Lince;20000,00;06/05/2015 00:00:00;05/05/2016 00:00:00;Scoring;10;N;
IT;IT10;196526;147301;10;Lince;20000,00;06/05/2015 00:00:00;05/05/2016 00:00:00;Scoring;10;N;
IT;IT10;196527;147302;10;Lince;20000,00;06/05/2015 00:00:00;05/05/2016 00:00:00;Scoring;10;N;
IT;IT10;196529;147303;10;Lince;20000,00;06/05/2015 00:00:00;05/05/2016 00:00:00;Scoring;10;N;
IT;IT10;196531;147304;10;Lince;20000,00;06/05/2015 00:00:00;05/05/2016 00:00:00;Scoring;10;N;
IT;IT10;196533;147305;10;Lince;20000,00;06/05/2015 00:00:00;05/05/2016 00:00:00;Scoring;10;N;
IT;IT10;196534;147306;10;Lince;20000,00;06/05/2015 00:00:00;05/05/2016 00:00:00;Scoring;10;N;
IT;IT10;196535;147307;10;Lince;20000,00;06/05/2015 00:00:00;05/05/2016 00:00:00;Scoring;10;N;
IT;IT10;196536;147308;10;Lince;20000,00;06/05/2015 00:00:00;05/05/2016 00:00:00;Scoring;10;N;
IT;IT10;196537;147309;10;Lince;0,00;06/05/2015 00:00:00;05/05/2016 00:00:00;Scoring;10;N;
IT;IT10;196538;147310;10;Lince;20000,00;06/05/2015 00:00:00;05/05/2016 00:00:00;Scoring;10;N;
IT;IT10;196539;147311;10;Lince;20000,00;06/05/2015 00:00:00;05/05/2016 00:00:00;Scoring;10;N;
IT;IT10;196540;147312;10;Lince;20000,00;06/05/2015 00:00:00;05/05/2016 00:00:00;Scoring;10;N;
IT;IT10;196541;147313;10;Lince;20000,00;06/05/2015 00:00:00;05/05/2016 00:00:00;Scoring;10;N;
IT;IT10;196542;147314;10;Lince;20000,00;06/05/2015 00:00:00;05/05/2016 00:00:00;Scoring;10;N;
IT;IT10;196543;147315;10;Lince;20000,00;06/05/2015 00:00:00;05/05/2016 00:00:00;Scoring;10;N;
IT;IT10;196544;147316;10;Lince;20000,00;06/05/2015 00:00:00;05/05/2016 00:00:00;Scoring;10;N;
IT;IT10;196545;147317;10;Lince;20000,00;06/05/2015 00:00:00;05/05/2016 00:00:00;Scoring;10;N;
IT;IT10;196546;147318;10;Lince;20000,00;06/05/2015 00:00:00;05/05/2016 00:00:00;Scoring;10;N;
IT;IT10;196547;147319;10;Lince;20000,00;06/05/2015 00:00:00;05/05/2016 00:00:00;Scoring;10;N;
IT;IT10;196548;147320;10;Lince;20000,00;06/05/2015 00:00:00;05/05/2016 00:00:00;Scoring;10;N;
IT;IT10;196549;147321;10;Lince;20000,00;06/05/2015 00:00:00;05/05/2016 00:00:00;Scoring;10;N;
IT;IT10;196553;147322;10;Lince;20000,00;06/05/2015 00:00:00;05/05/2016 00:00:00;Scoring;10;N;
IT;IT10;196554;147323;10;Lince;20000,00;06/05/2015 00:00:00;05/05/2016 00:00:00;Scoring;10;N;
IT;IT10;196555;147324;10;Lince;20000,00;06/05/2015 00:00:00;05/05/2016 00:00:00;Scoring;10;N;
IT;IT10;196558;147325;10;Lince;20000,00;06/05/2015 00:00:00;05/05/2016 00:00:00;Scoring;10;N;
IT;IT10;196559;147326;10;Lince;20000,00;06/05/2015 00:00:00;05/05/2016 00:00:00;Scoring;10;N;
IT;IT10;196560;147327;10;Lince;20000,00;06/05/2015 00:00:00;05/05/2016 00:00:00;Scoring;10;N;
IT;IT10;196562;147328;10;Lince;20000,00;06/05/2015 00:00:00;05/05/2016 00:00:00;Scoring;10;N;
IT;IT10;196563;147329;10;Lince;20000,00;06/05/2015 00:00:00;05/05/2016 00:00:00;Scoring;10;N;
IT;IT10;196564;147330;10;Lince;20000,00;06/05/2015 00:00:00;05/05/2016 00:00:00;Scoring;10;N;
IT;IT10;196566;147331;10;Lince;20000,00;06/05/2015 00:00:00;05/05/2016 00:00:00;Scoring;10;N;
IT;IT10;196567;147332;10;Lince;20000,00;06/05/2015 00:00:00;05/05/2016 00:00:00;Scoring;10;N;
IT;IT10;196568;147333;10;Lince;20000,00;06/05/2015 00:00:00;05/05/2016 00:00:00;Scoring;10;N;
IT;IT10;196570;147334;10;Lince;20000,00;06/05/2015 00:00:00;05/05/2016 00:00:00;Scoring;10;N;
IT;IT10;196571;147335;10;Lince;20000,00;06/05/2015 00:00:00;05/05/2016 00:00:00;Scoring;10;N;
IT;IT10;196572;147336;10;Lince;187,00;06/05/2015 00:00:00;05/05/2016 00:00:00;Scoring;10;N;
IT;IT10;196573;147337;10;Lince;20000,00;06/05/2015 00:00:00;05/05/2016 00:00:00;Scoring;10;N;
IT;IT10;196574;147338;10;Lince;20000,00;06/05/2015 00:00:00;05/05/2016 00:00:00;Scoring;10;N;
IT;IT10;196577;147339;10;Lince;20000,00;06/05/2015 00:00:00;05/05/2016 00:00:00;Scoring;10;N;
IT;IT10;196578;147340;10;Lince;20000,00;06/05/2015 00:00:00;05/05/2016 00:00:00;Scoring;10;N;
IT;IT10;196580;147341;10;Lince;20000,00;06/05/2015 00:00:00;05/05/2016 00:00:00;Scoring;10;N;
IT;IT10;196581;147342;10;Lince;20000,00;06/05/2015 00:00:00;05/05/2016 00:00:00;Scoring;10;N;
IT;IT10;196583;147343;10;Lince;20000,00;06/05/2015 00:00:00;05/05/2016 00:00:00;Scoring;10;N;
IT;IT10;196584;147344;10;Lince;20000,00;06/05/2015 00:00:00;05/05/2016 00:00:00;Scoring;10;N;
IT;IT10;196585;147345;10;Lince;20000,00;06/05/2015 00:00:00;05/05/2016 00:00:00;Scoring;10;N;
IT;IT10;196587;147346;10;Lince;20000,00;06/05/2015 00:00:00;05/05/2016 00:00:00;Scoring;10;N;
IT;IT10;196590;147347;10;Lince;1600,00;06/05/2015 00:00:00;05/05/2016 00:00:00;Scoring;10;N;
IT;IT10;196591;147348;10;Lince;0,00;06/05/2015 00:00:00;05/05/2016 00:00:00;Scoring;10;N;
IT;IT10;196593;147349;10;Lince;20000,00;06/05/2015 00:00:00;05/05/2016 00:00:00;Scoring;10;N;
IT;IT10;196594;147350;10;Lince;20000,00;06/05/2015 00:00:00;05/05/2016 00:00:00;Scoring;10;N;
IT;IT10;196595;147351;10;Lince;0,00;06/05/2015 00:00:00;05/05/2016 00:00:00;Scoring;10;N;
IT;IT10;196596;147352;10;Lince;20000,00;06/05/2015 00:00:00;05/05/2016 00:00:00;Scoring;10;N;
IT;IT10;196598;147353;10;Lince;20000,00;06/05/2015 00:00:00;05/05/2016 00:00:00;Scoring;10;N;
IT;IT10;196599;147354;10;Lince;20000,00;06/05/2015 00:00:00;05/05/2016 00:00:00;Scoring;10;N;
IT;IT10;196600;147355;10;Lince;20000,00;06/05/2015 00:00:00;05/05/2016 00:00:00;Scoring;10;N;
IT;IT10;196601;147356;10;Lince;56,00;06/05/2015 00:00:00;05/05/2016 00:00:00;Scoring;10;N;
IT;IT10;196602;147357;10;Lince;20000,00;06/05/2015 00:00:00;05/05/2016 00:00:00;Scoring;10;N;
IT;IT10;196603;147358;10;Lince;0,00;06/05/2015 00:00:00;05/05/2016 00:00:00;Scoring;10;N;
IT;IT10;196604;147359;10;Lince;20000,00;06/05/2015 00:00:00;05/05/2016 00:00:00;Scoring;10;N;
IT;IT10;196606;147360;10;Lince;20000,00;06/05/2015 00:00:00;05/05/2016 00:00:00;Scoring;10;N;
IT;IT10;196607;147361;10;Lince;20000,00;06/05/2015 00:00:00;05/05/2016 00:00:00;Scoring;10;N;
IT;IT10;196608;147362;10;Lince;20000,00;06/05/2015 00:00:00;05/05/2016 00:00:00;Scoring;10;N;
IT;IT10;196610;147363;10;Lince;0,00;06/05/2015 00:00:00;05/05/2016 00:00:00;Scoring;10;N;
IT;IT10;196611;147364;10;Lince;20000,00;06/05/2015 00:00:00;05/05/2016 00:00:00;Scoring;10;N;
IT;IT10;196612;147365;10;Lince;20000,00;06/05/2015 00:00:00;05/05/2016 00:00:00;Scoring;10;N;
IT;IT10;196613;147366;10;Lince;20000,00;06/05/2015 00:00:00;05/05/2016 00:00:00;Scoring;10;N;
IT;IT10;196614;147367;10;Lince;20000,00;06/05/2015 00:00:00;05/05/2016 00:00:00;Scoring;10;N;
IT;IT10;196615;147368;10;Lince;20000,00;06/05/2015 00:00:00;05/05/2016 00:00:00;Scoring;10;N;
IT;IT10;196616;147369;10;Lince;0,00;06/05/2015 00:00:00;05/05/2016 00:00:00;Scoring;10;N;
IT;IT10;196617;147370;10;Lince;20000,00;06/05/2015 00:00:00;05/05/2016 00:00:00;Scoring;10;N;
IT;IT10;196619;147371;10;Lince;20000,00;06/05/2015 00:00:00;05/05/2016 00:00:00;Scoring;10;N;
IT;IT10;196620;147372;10;Lince;20000,00;06/05/2015 00:00:00;05/05/2016 00:00:00;Scoring;10;N;
IT;IT10;196621;147373;10;Lince;0,00;06/05/2015 00:00:00;05/05/2016 00:00:00;Scoring;10;N;
IT;IT10;196622;147374;10;Lince;20000,00;06/05/2015 00:00:00;05/05/2016 00:00:00;Scoring;10;N;
IT;IT10;196623;147375;10;Lince;20000,00;06/05/2015 00:00:00;05/05/2016 00:00:00;Scoring;10;N;
IT;IT10;196624;147376;10;Lince;20000,00;06/05/2015 00:00:00;05/05/2016 00:00:00;Scoring;10;N;
IT;IT10;196625;147377;10;Lince;20000,00;06/05/2015 00:00:00;05/05/2016 00:00:00;Scoring;10;N;
IT;IT10;196626;147378;10;Lince;20000,00;06/05/2015 00:00:00;05/05/2016 00:00:00;Scoring;10;N;
IT;IT10;196627;147379;10;Lince;20000,00;06/05/2015 00:00:00;05/05/2016 00:00:00;Scoring;10;N;
IT;IT10;196628;147380;10;Lince;20000,00;06/05/2015 00:00:00;05/05/2016 00:00:00;Scoring;10;N;
IT;IT10;196630;147381;10;Lince;20000,00;06/05/2015 00:00:00;05/05/2016 00:00:00;Scoring;10;N;
IT;IT10;196632;147382;10;Lince;20000,00;06/05/2015 00:00:00;05/05/2016 00:00:00;Scoring;10;N;
IT;IT10;196633;147383;10;Lince;20000,00;06/05/2015 00:00:00;05/05/2016 00:00:00;Scoring;10;N;
IT;IT10;196635;147384;10;Lince;20000,00;06/05/2015 00:00:00;05/05/2016 00:00:00;Scoring;10;N;
IT;IT10;196636;147385;10;Lince;0,00;06/05/2015 00:00:00;05/05/2016 00:00:00;Scoring;10;N;
IT;IT10;196637;147386;10;Lince;20000,00;06/05/2015 00:00:00;05/05/2016 00:00:00;Scoring;10;N;
IT;IT10;196638;147387;10;Lince;20000,00;06/05/2015 00:00:00;05/05/2016 00:00:00;Scoring;10;N;
IT;IT10;196639;147388;10;Lince;20000,00;06/05/2015 00:00:00;05/05/2016 00:00:00;Scoring;10;N;
IT;IT10;196640;147389;10;Lince;20000,00;06/05/2015 00:00:00;05/05/2016 00:00:00;Scoring;10;N;
IT;IT10;196641;147390;10;Lince;20000,00;06/05/2015 00:00:00;05/05/2016 00:00:00;Scoring;10;N;
IT;IT10;196642;147391;10;Lince;20000,00;06/05/2015 00:00:00;05/05/2016 00:00:00;Scoring;10;N;
IT;IT10;196643;147392;10;Lince;20000,00;06/05/2015 00:00:00;05/05/2016 00:00:00;Scoring;10;N;
IT;IT10;196644;147393;10;Lince;20000,00;06/05/2015 00:00:00;05/05/2016 00:00:00;Scoring;10;N;
IT;IT10;196645;147394;10;Lince;20000,00;06/05/2015 00:00:00;05/05/2016 00:00:00;Scoring;10;N;
IT;IT10;196646;147395;10;Lince;20000,00;06/05/2015 00:00:00;05/05/2016 00:00:00;Scoring;10;N;
IT;IT10;196647;147396;10;Lince;20000,00;06/05/2015 00:00:00;05/05/2016 00:00:00;Scoring;10;N;
IT;IT10;196648;147397;10;Lince;20000,00;06/05/2015 00:00:00;05/05/2016 00:00:00;Scoring;10;N;
IT;IT10;196649;147398;10;Lince;20000,00;06/05/2015 00:00:00;05/05/2016 00:00:00;Scoring;10;N;
IT;IT10;196650;147399;10;Lince;20000,00;06/05/2015 00:00:00;05/05/2016 00:00:00;Scoring;10;N;
IT;IT10;196651;147400;10;Lince;20000,00;06/05/2015 00:00:00;05/05/2016 00:00:00;Scoring;10;N;
IT;IT10;196652;147401;10;Lince;20000,00;06/05/2015 00:00:00;05/05/2016 00:00:00;Scoring;10;N;
IT;IT10;196653;147402;10;Lince;20000,00;06/05/2015 00:00:00;05/05/2016 00:00:00;Scoring;10;N;
IT;IT10;196654;147403;10;Lince;20000,00;06/05/2015 00:00:00;05/05/2016 00:00:00;Scoring;10;N;
IT;IT10;196655;147404;10;Lince;20000,00;06/05/2015 00:00:00;05/05/2016 00:00:00;Scoring;10;N;
IT;IT10;196656;147405;10;Lince;20000,00;06/05/2015 00:00:00;05/05/2016 00:00:00;Scoring;10;N;
IT;IT10;196657;147406;10;Lince;20000,00;06/05/2015 00:00:00;05/05/2016 00:00:00;Scoring;10;N;
IT;IT10;196658;147407;10;Lince;20000,00;06/05/2015 00:00:00;05/05/2016 00:00:00;Scoring;10;N;
IT;IT10;196659;147408;10;Lince;20000,00;06/05/2015 00:00:00;05/05/2016 00:00:00;Scoring;10;N;
IT;IT10;196660;147409;10;Lince;20000,00;06/05/2015 00:00:00;05/05/2016 00:00:00;Scoring;10;N;
IT;IT10;100043;147410;11;Interno;0,00;06/05/2015 00:00:00;05/05/2016 00:00:00;Verifica Ampliamento;12;N;
IT;IT10;185958;147411;11;Interno;17000,00;06/05/2015 00:00:00;05/05/2016 00:00:00;Verifica Ampliamento;12;N;
IT;IT10;195628;147412;11;Interno;0,00;06/05/2015 00:00:00;05/05/2016 00:00:00;Verifica Ampliamento;12;N;
IT;IT10;196557;147413;12;Coface;83000,00;06/05/2015 00:00:00;05/05/2016 00:00:00;Assicurazione Credito;1;N;
IT;IT10;196561;147414;12;Coface;120000,00;06/05/2015 00:00:00;05/05/2016 00:00:00;Assicurazione Credito;1;N;
IT;IT10;196576;147415;12;Coface;36000,00;06/05/2015 00:00:00;05/05/2016 00:00:00;Assicurazione Credito;1;N;
IT;IT10;196588;147416;12;Coface;48000,00;06/05/2015 00:00:00;05/05/2016 00:00:00;Assicurazione Credito;1;N;
IT;IT10;196634;147417;12;Coface;200000,00;06/05/2015 00:00:00;05/05/2016 00:00:00;Assicurazione Credito;1;N;
IT;IT10;193865;147418;10;Lince;0,00;06/05/2015 00:00:00;05/05/2016 00:00:00;Scoring;10;N;
IT;IT10;193873;147419;10;Lince;20000,00;06/05/2015 00:00:00;05/05/2016 00:00:00;Scoring;10;N;
IT;IT10;194705;147420;10;Lince;20000,00;06/05/2015 00:00:00;05/05/2016 00:00:00;Scoring;10;N;
IT;IT10;196551;147421;10;Lince;20000,00;06/05/2015 00:00:00;05/05/2016 00:00:00;Scoring;10;N;
IT;IT10;196565;147422;10;Lince;0,00;06/05/2015 00:00:00;05/05/2016 00:00:00;Scoring;10;N;
IT;IT10;196589;147423;10;Lince;20000,00;06/05/2015 00:00:00;05/05/2016 00:00:00;Scoring;10;N;
IT;IT10;196597;147424;10;Lince;20000,00;06/05/2015 00:00:00;05/05/2016 00:00:00;Scoring;10;N;
IT;IT10;196605;147425;10;Lince;20000,00;06/05/2015 00:00:00;05/05/2016 00:00:00;Scoring;10;N;
IT;IT10;196618;147426;10;Lince;0,00;06/05/2015 00:00:00;05/05/2016 00:00:00;Scoring;10;N;
IT;IT10;196629;147427;10;Lince;0,00;06/05/2015 00:00:00;05/05/2016 00:00:00;Scoring;10;N;
IT;IT10;196631;147428;10;Lince;20000,00;06/05/2015 00:00:00;05/05/2016 00:00:00;Scoring;10;N;
IT;IT10;196679;147429;10;Lince;20000,00;06/05/2015 00:00:00;05/05/2016 00:00:00;Scoring;10;N;
IT;IT10;196034;147430;10;Lince;20000,00;06/05/2015 00:00:00;05/05/2016 00:00:00;Scoring;10;N;
IT;IT10;196671;147431;10;Lince;20000,00;06/05/2015 00:00:00;05/05/2016 00:00:00;Scoring;10;N;
IT;IT10;196675;147432;10;Lince;0,00;06/05/2015 00:00:00;05/05/2016 00:00:00;Scoring;10;N;
IT;IT10;196680;147433;10;Lince;20000,00;06/05/2015 00:00:00;05/05/2016 00:00:00;Scoring;10;N;
IT;IT10;196683;147434;10;Lince;20000,00;06/05/2015 00:00:00;05/05/2016 00:00:00;Scoring;10;N;
IT;IT10;196685;147435;10;Lince;20000,00;06/05/2015 00:00:00;05/05/2016 00:00:00;Scoring;10;N;
IT;IT10;196686;147436;10;Lince;20000,00;06/05/2015 00:00:00;05/05/2016 00:00:00;Scoring;10;N;
IT;IT10;196688;147437;10;Lince;0,00;06/05/2015 00:00:00;05/05/2016 00:00:00;Scoring;10;N;
IT;IT10;196689;147438;10;Lince;20000,00;06/05/2015 00:00:00;05/05/2016 00:00:00;Scoring;10;N;
IT;IT10;196691;147439;10;Lince;20000,00;06/05/2015 00:00:00;05/05/2016 00:00:00;Scoring;10;N;
IT;IT10;196692;147440;10;Lince;20000,00;06/05/2015 00:00:00;05/05/2016 00:00:00;Scoring;10;N;
IT;IT10;196702;147441;10;Lince;20000,00;06/05/2015 00:00:00;05/05/2016 00:00:00;Scoring;10;N;
IT;IT10;196704;147442;10;Lince;20000,00;06/05/2015 00:00:00;05/05/2016 00:00:00;Scoring;10;N;
IT;IT10;196706;147443;10;Lince;0,00;06/05/2015 00:00:00;05/05/2016 00:00:00;Scoring;10;N;
IT;IT10;196709;147444;10;Lince;20000,00;06/05/2015 00:00:00;05/05/2016 00:00:00;Scoring;10;N;
IT;IT10;196714;147445;10;Lince;20000,00;06/05/2015 00:00:00;05/05/2016 00:00:00;Scoring;10;N;
IT;IT10;196715;147446;10;Lince;20000,00;06/05/2015 00:00:00;05/05/2016 00:00:00;Scoring;10;N;
IT;IT10;196718;147447;10;Lince;20000,00;06/05/2015 00:00:00;05/05/2016 00:00:00;Scoring;10;N;
IT;IT10;196722;147448;10;Lince;20000,00;06/05/2015 00:00:00;05/05/2016 00:00:00;Scoring;10;N;
IT;IT10;196725;147449;10;Lince;20000,00;06/05/2015 00:00:00;05/05/2016 00:00:00;Scoring;10;N;
IT;IT10;196733;147450;10;Lince;20000,00;06/05/2015 00:00:00;05/05/2016 00:00:00;Scoring;10;N;
IT;IT10;196736;147451;10;Lince;20000,00;06/05/2015 00:00:00;05/05/2016 00:00:00;Scoring;10;N;
IT;IT10;196758;147452;10;Lince;20000,00;06/05/2015 00:00:00;05/05/2016 00:00:00;Scoring;10;N;
IT;IT10;196763;147453;10;Lince;20000,00;06/05/2015 00:00:00;05/05/2016 00:00:00;Scoring;10;N;
IT;IT10;196765;147454;10;Lince;20000,00;06/05/2015 00:00:00;05/05/2016 00:00:00;Scoring;10;N;
IT;IT10;196769;147455;10;Lince;20000,00;06/05/2015 00:00:00;05/05/2016 00:00:00;Scoring;10;N;
IT;IT10;100338;147456;12;Coface;0,00;06/05/2015 00:00:00;05/05/2016 00:00:00;Assicurazione Credito;1;N;
IT;IT10;196349;147457;12;Coface;12000,00;06/05/2015 00:00:00;05/05/2016 00:00:00;Assicurazione Credito;1;N;
IT;IT10;196687;147458;12;Coface;50000,00;06/05/2015 00:00:00;05/05/2016 00:00:00;Assicurazione Credito;1;N;
IT;IT10;196699;147459;12;Coface;20000,00;06/05/2015 00:00:00;05/05/2016 00:00:00;Assicurazione Credito;1;N;
IT;IT10;162599;147460;10;Lince;20000,00;06/05/2015 00:00:00;05/05/2016 00:00:00;Scoring;10;N;
IT;IT10;194350;147461;10;Lince;20000,00;06/05/2015 00:00:00;05/05/2016 00:00:00;Scoring;10;N;
IT;IT10;194352;147462;10;Lince;20000,00;06/05/2015 00:00:00;05/05/2016 00:00:00;Scoring;10;N;
IT;IT10;194671;147463;10;Lince;20000,00;06/05/2015 00:00:00;05/05/2016 00:00:00;Scoring;10;N;
IT;IT10;194791;147464;10;Lince;20000,00;06/05/2015 00:00:00;05/05/2016 00:00:00;Scoring;10;N;
IT;IT10;195107;147465;10;Lince;20000,00;06/05/2015 00:00:00;05/05/2016 00:00:00;Scoring;10;N;
IT;IT10;195779;147466;10;Lince;20000,00;06/05/2015 00:00:00;17/05/2015 00:00:00;Scoring;10;N;
IT;IT10;195788;147467;10;Lince;20000,00;06/05/2015 00:00:00;05/05/2016 00:00:00;Scoring;10;N;
IT;IT10;196726;147468;10;Lince;0,00;06/05/2015 00:00:00;05/05/2016 00:00:00;Scoring;10;N;
IT;IT10;196734;147469;10;Lince;20000,00;06/05/2015 00:00:00;05/05/2016 00:00:00;Scoring;10;N;
IT;IT10;196739;147470;10;Lince;20000,00;06/05/2015 00:00:00;05/05/2016 00:00:00;Scoring;10;N;
IT;IT10;196743;147471;10;Lince;20000,00;06/05/2015 00:00:00;05/05/2016 00:00:00;Scoring;10;N;
IT;IT10;196747;147472;10;Lince;0,00;06/05/2015 00:00:00;05/05/2016 00:00:00;Scoring;10;N;
IT;IT10;196759;147473;10;Lince;20000,00;06/05/2015 00:00:00;05/05/2016 00:00:00;Scoring;10;N;
IT;IT10;196772;147474;10;Lince;20000,00;06/05/2015 00:00:00;05/05/2016 00:00:00;Scoring;10;N;
IT;IT10;196773;147475;10;Lince;20000,00;06/05/2015 00:00:00;05/05/2016 00:00:00;Scoring;10;N;
IT;IT10;196781;147476;10;Lince;20000,00;06/05/2015 00:00:00;05/05/2016 00:00:00;Scoring;10;N;
IT;IT10;196786;147477;10;Lince;20000,00;06/05/2015 00:00:00;05/05/2016 00:00:00;Scoring;10;N;
IT;IT10;196788;147478;10;Lince;0,00;06/05/2015 00:00:00;05/05/2016 00:00:00;Scoring;10;N;
IT;IT10;196792;147479;10;Lince;20000,00;06/05/2015 00:00:00;05/05/2016 00:00:00;Scoring;10;N;
IT;IT10;196796;147480;10;Lince;20000,00;06/05/2015 00:00:00;05/05/2016 00:00:00;Scoring;10;N;
IT;IT10;196800;147481;10;Lince;20000,00;06/05/2015 00:00:00;05/05/2016 00:00:00;Scoring;10;N;
IT;IT10;196802;147482;10;Lince;20000,00;06/05/2015 00:00:00;05/05/2016 00:00:00;Scoring;10;N;
IT;IT10;196803;147483;10;Lince;0,00;06/05/2015 00:00:00;05/05/2016 00:00:00;Scoring;10;N;
IT;IT10;196806;147484;10;Lince;20000,00;06/05/2015 00:00:00;05/05/2016 00:00:00;Scoring;10;N;
IT;IT10;196812;147485;10;Lince;20000,00;06/05/2015 00:00:00;05/05/2016 00:00:00;Scoring;10;N;
IT;IT10;196814;147486;10;Lince;20000,00;06/05/2015 00:00:00;05/05/2016 00:00:00;Scoring;10;N;
IT;IT10;196817;147487;10;Lince;0,00;06/05/2015 00:00:00;05/05/2016 00:00:00;Scoring;10;N;
IT;IT10;196826;147488;10;Lince;20000,00;06/05/2015 00:00:00;05/05/2016 00:00:00;Scoring;10;N;
IT;IT10;111857;147489;10;Lince;20000,00;07/05/2015 00:00:00;06/05/2016 00:00:00;Scoring;10;N;
IT;IT10;157758;147490;10;Lince;20000,00;07/05/2015 00:00:00;06/05/2016 00:00:00;Scoring;10;N;
IT;IT10;196694;147491;10;Lince;20000,00;07/05/2015 00:00:00;06/05/2016 00:00:00;Scoring;10;N;
IT;IT10;196698;147492;10;Lince;20000,00;07/05/2015 00:00:00;06/05/2016 00:00:00;Scoring;10;N;
IT;IT10;196701;147493;10;Lince;20000,00;07/05/2015 00:00:00;06/05/2016 00:00:00;Scoring;10;N;
IT;IT10;196711;147494;10;Lince;20000,00;07/05/2015 00:00:00;06/05/2016 00:00:00;Scoring;10;N;
IT;IT10;196716;147495;10;Lince;20000,00;07/05/2015 00:00:00;06/05/2016 00:00:00;Scoring;10;N;
IT;IT10;196717;147496;10;Lince;20000,00;07/05/2015 00:00:00;06/05/2016 00:00:00;Scoring;10;N;
IT;IT10;196720;147497;10;Lince;20000,00;07/05/2015 00:00:00;06/05/2016 00:00:00;Scoring;10;N;
IT;IT10;196723;147498;10;Lince;20000,00;07/05/2015 00:00:00;06/05/2016 00:00:00;Scoring;10;N;
IT;IT10;196731;147499;10;Lince;20000,00;07/05/2015 00:00:00;06/05/2016 00:00:00;Scoring;10;N;
IT;IT10;196732;147500;10;Lince;20000,00;07/05/2015 00:00:00;06/05/2016 00:00:00;Scoring;10;N;
IT;IT10;196735;147501;10;Lince;20000,00;07/05/2015 00:00:00;06/05/2016 00:00:00;Scoring;10;N;
IT;IT10;196738;147502;10;Lince;20000,00;07/05/2015 00:00:00;06/05/2016 00:00:00;Scoring;10;N;
IT;IT10;196740;147503;10;Lince;20000,00;07/05/2015 00:00:00;06/05/2016 00:00:00;Scoring;10;N;
IT;IT10;196741;147504;10;Lince;20000,00;07/05/2015 00:00:00;06/05/2016 00:00:00;Scoring;10;N;
IT;IT10;196744;147505;10;Lince;20000,00;07/05/2015 00:00:00;06/05/2016 00:00:00;Scoring;10;N;
IT;IT10;196745;147506;10;Lince;20000,00;07/05/2015 00:00:00;06/05/2016 00:00:00;Scoring;10;N;
IT;IT10;196751;147507;10;Lince;0,00;07/05/2015 00:00:00;06/05/2016 00:00:00;Scoring;10;N;
IT;IT10;196754;147508;10;Lince;20000,00;07/05/2015 00:00:00;06/05/2016 00:00:00;Scoring;10;N;
IT;IT10;196757;147509;10;Lince;20000,00;07/05/2015 00:00:00;06/05/2016 00:00:00;Scoring;10;N;
IT;IT10;196760;147510;10;Lince;20000,00;07/05/2015 00:00:00;06/05/2016 00:00:00;Scoring;10;N;
IT;IT10;196764;147511;10;Lince;20000,00;07/05/2015 00:00:00;06/05/2016 00:00:00;Scoring;10;N;
IT;IT10;196768;147512;10;Lince;20000,00;07/05/2015 00:00:00;06/05/2016 00:00:00;Scoring;10;N;
IT;IT10;196770;147513;10;Lince;20000,00;07/05/2015 00:00:00;06/05/2016 00:00:00;Scoring;10;N;
IT;IT10;196771;147514;10;Lince;20000,00;07/05/2015 00:00:00;06/05/2016 00:00:00;Scoring;10;N;
IT;IT10;196775;147515;10;Lince;20000,00;07/05/2015 00:00:00;06/05/2016 00:00:00;Scoring;10;N;
IT;IT10;196778;147516;10;Lince;20000,00;07/05/2015 00:00:00;06/05/2016 00:00:00;Scoring;10;N;
IT;IT10;196779;147517;10;Lince;20000,00;07/05/2015 00:00:00;06/05/2016 00:00:00;Scoring;10;N;
IT;IT10;196782;147518;10;Lince;20000,00;07/05/2015 00:00:00;06/05/2016 00:00:00;Scoring;10;N;
IT;IT10;196793;147519;10;Lince;20000,00;07/05/2015 00:00:00;06/05/2016 00:00:00;Scoring;10;N;
IT;IT10;196799;147520;10;Lince;20000,00;07/05/2015 00:00:00;06/05/2016 00:00:00;Scoring;10;N;
IT;IT10;196801;147521;10;Lince;20000,00;07/05/2015 00:00:00;06/05/2016 00:00:00;Scoring;10;N;
IT;IT10;196809;147522;10;Lince;20000,00;07/05/2015 00:00:00;06/05/2016 00:00:00;Scoring;10;N;
IT;IT10;196813;147523;10;Lince;20000,00;07/05/2015 00:00:00;06/05/2016 00:00:00;Scoring;10;N;
IT;IT10;196819;147524;10;Lince;0,00;07/05/2015 00:00:00;06/05/2016 00:00:00;Scoring;10;N;
IT;IT10;196820;147525;10;Lince;20000,00;07/05/2015 00:00:00;06/05/2016 00:00:00;Scoring;10;N;
IT;IT10;196822;147526;10;Lince;20000,00;07/05/2015 00:00:00;06/05/2016 00:00:00;Scoring;10;N;
IT;IT10;196823;147527;10;Lince;0,00;07/05/2015 00:00:00;06/05/2016 00:00:00;Scoring;10;N;
IT;IT10;196824;147528;10;Lince;20000,00;07/05/2015 00:00:00;06/05/2016 00:00:00;Scoring;10;N;
IT;IT10;196827;147529;10;Lince;20000,00;07/05/2015 00:00:00;06/05/2016 00:00:00;Scoring;10;N;
IT;IT10;196829;147530;10;Lince;20000,00;07/05/2015 00:00:00;06/05/2016 00:00:00;Scoring;10;N;
IT;IT10;196830;147531;10;Lince;20000,00;07/05/2015 00:00:00;06/05/2016 00:00:00;Scoring;10;N;
IT;IT10;196831;147532;10;Lince;20000,00;07/05/2015 00:00:00;06/05/2016 00:00:00;Scoring;10;N;
IT;IT10;196834;147533;10;Lince;20000,00;07/05/2015 00:00:00;06/05/2016 00:00:00;Scoring;10;N;
IT;IT10;196836;147534;10;Lince;20000,00;07/05/2015 00:00:00;06/05/2016 00:00:00;Scoring;10;N;
IT;IT10;196837;147535;10;Lince;20000,00;07/05/2015 00:00:00;06/05/2016 00:00:00;Scoring;10;N;
IT;IT10;196839;147536;10;Lince;20000,00;07/05/2015 00:00:00;06/05/2016 00:00:00;Scoring;10;N;
IT;IT10;196841;147537;10;Lince;20000,00;07/05/2015 00:00:00;06/05/2016 00:00:00;Scoring;10;N;
IT;IT10;196842;147538;10;Lince;20000,00;07/05/2015 00:00:00;06/05/2016 00:00:00;Scoring;10;N;
IT;IT10;196843;147539;10;Lince;20000,00;07/05/2015 00:00:00;06/05/2016 00:00:00;Scoring;10;N;
IT;IT10;196845;147540;10;Lince;20000,00;07/05/2015 00:00:00;06/05/2016 00:00:00;Scoring;10;N;
IT;IT10;196847;147541;10;Lince;20000,00;07/05/2015 00:00:00;06/05/2016 00:00:00;Scoring;10;N;
IT;IT10;196848;147542;10;Lince;20000,00;07/05/2015 00:00:00;06/05/2016 00:00:00;Scoring;10;N;
IT;IT10;196849;147543;10;Lince;20000,00;07/05/2015 00:00:00;06/05/2016 00:00:00;Scoring;10;N;
IT;IT10;196850;147544;10;Lince;20000,00;07/05/2015 00:00:00;06/05/2016 00:00:00;Scoring;10;N;
IT;IT10;196851;147545;10;Lince;20000,00;07/05/2015 00:00:00;06/05/2016 00:00:00;Scoring;10;N;
IT;IT10;196852;147546;10;Lince;20000,00;07/05/2015 00:00:00;06/05/2016 00:00:00;Scoring;10;N;
IT;IT10;196855;147547;10;Lince;20000,00;07/05/2015 00:00:00;06/05/2016 00:00:00;Scoring;10;N;
IT;IT10;196856;147548;10;Lince;20000,00;07/05/2015 00:00:00;06/05/2016 00:00:00;Scoring;10;N;
IT;IT10;196859;147549;10;Lince;0,00;07/05/2015 00:00:00;06/05/2016 00:00:00;Scoring;10;N;
IT;IT10;196860;147550;10;Lince;20000,00;07/05/2015 00:00:00;06/05/2016 00:00:00;Scoring;10;N;
IT;IT10;196863;147551;10;Lince;20000,00;07/05/2015 00:00:00;06/05/2016 00:00:00;Scoring;10;N;
IT;IT10;196866;147552;10;Lince;20000,00;07/05/2015 00:00:00;06/05/2016 00:00:00;Scoring;10;N;
IT;IT10;196867;147553;10;Lince;20000,00;07/05/2015 00:00:00;06/05/2016 00:00:00;Scoring;10;N;
IT;IT10;196868;147554;10;Lince;20000,00;07/05/2015 00:00:00;06/05/2016 00:00:00;Scoring;10;N;
IT;IT10;196869;147555;10;Lince;0,00;07/05/2015 00:00:00;06/05/2016 00:00:00;Scoring;10;N;
IT;IT10;196870;147556;10;Lince;20000,00;07/05/2015 00:00:00;06/05/2016 00:00:00;Scoring;10;N;
IT;IT10;196874;147557;10;Lince;20000,00;07/05/2015 00:00:00;06/05/2016 00:00:00;Scoring;10;N;
IT;IT10;196876;147558;10;Lince;20000,00;07/05/2015 00:00:00;06/05/2016 00:00:00;Scoring;10;N;
IT;IT10;196877;147559;10;Lince;20000,00;07/05/2015 00:00:00;06/05/2016 00:00:00;Scoring;10;N;
IT;IT10;196878;147560;10;Lince;0,00;07/05/2015 00:00:00;06/05/2016 00:00:00;Scoring;10;N;
IT;IT10;196880;147561;10;Lince;20000,00;07/05/2015 00:00:00;06/05/2016 00:00:00;Scoring;10;N;
IT;IT10;196881;147562;10;Lince;20000,00;07/05/2015 00:00:00;06/05/2016 00:00:00;Scoring;10;N;
IT;IT10;196882;147563;10;Lince;20000,00;07/05/2015 00:00:00;06/05/2016 00:00:00;Scoring;10;N;
IT;IT10;196883;147564;10;Lince;20000,00;07/05/2015 00:00:00;06/05/2016 00:00:00;Scoring;10;N;
IT;IT10;196885;147565;10;Lince;20000,00;07/05/2015 00:00:00;06/05/2016 00:00:00;Scoring;10;N;
IT;IT10;196886;147566;10;Lince;20000,00;07/05/2015 00:00:00;06/05/2016 00:00:00;Scoring;10;N;
IT;IT10;196887;147567;10;Lince;20000,00;07/05/2015 00:00:00;06/05/2016 00:00:00;Scoring;10;N;
IT;IT10;196888;147568;10;Lince;20000,00;07/05/2015 00:00:00;06/05/2016 00:00:00;Scoring;10;N;
IT;IT10;196889;147569;10;Lince;20000,00;07/05/2015 00:00:00;06/05/2016 00:00:00;Scoring;10;N;
IT;IT10;196892;147570;10;Lince;20000,00;07/05/2015 00:00:00;06/05/2016 00:00:00;Scoring;10;N;
IT;IT10;196349;147571;11;Interno;0,00;07/05/2015 00:00:00;06/05/2016 00:00:00;Verifica Ampliamento;12;N;
IT;IT10;196748;147572;12;Coface;12000,00;07/05/2015 00:00:00;06/05/2016 00:00:00;Assicurazione Credito;1;N;
IT;IT10;196752;147573;12;Coface;20000,00;07/05/2015 00:00:00;06/05/2016 00:00:00;Assicurazione Credito;1;N;
IT;IT10;196893;147574;12;Coface;1925000,00;07/05/2015 00:00:00;06/05/2016 00:00:00;Assicurazione Credito;1;N;
IT;IT10;196832;147575;10;Lince;20000,00;07/05/2015 00:00:00;06/05/2016 00:00:00;Scoring;10;N;
IT;IT10;196838;147576;10;Lince;20000,00;07/05/2015 00:00:00;06/05/2016 00:00:00;Scoring;10;N;
IT;IT10;196844;147577;10;Lince;20000,00;07/05/2015 00:00:00;06/05/2016 00:00:00;Scoring;10;N;
IT;IT10;196858;147578;10;Lince;20000,00;07/05/2015 00:00:00;06/05/2016 00:00:00;Scoring;10;N;
IT;IT10;196865;147579;10;Lince;20000,00;07/05/2015 00:00:00;06/05/2016 00:00:00;Scoring;10;N;
IT;IT10;196871;147580;10;Lince;0,00;07/05/2015 00:00:00;06/05/2016 00:00:00;Scoring;10;N;
IT;IT10;196873;147581;10;Lince;0,00;07/05/2015 00:00:00;06/05/2016 00:00:00;Scoring;10;N;
IT;IT10;196875;147582;10;Lince;0,00;07/05/2015 00:00:00;06/05/2016 00:00:00;Scoring;10;N;
IT;IT10;196879;147583;10;Lince;0,00;07/05/2015 00:00:00;06/05/2016 00:00:00;Scoring;10;N;
IT;IT10;196884;147584;10;Lince;20000,00;07/05/2015 00:00:00;06/05/2016 00:00:00;Scoring;10;N;
IT;IT10;196894;147585;10;Lince;20000,00;07/05/2015 00:00:00;06/05/2016 00:00:00;Scoring;10;N;
IT;IT10;196895;147586;10;Lince;20000,00;07/05/2015 00:00:00;06/05/2016 00:00:00;Scoring;10;N;
IT;IT10;196902;147587;10;Lince;20000,00;07/05/2015 00:00:00;06/05/2016 00:00:00;Scoring;10;N;
IT;IT10;196905;147588;10;Lince;20000,00;07/05/2015 00:00:00;06/05/2016 00:00:00;Scoring;10;N;
IT;IT10;108985;147589;10;Lince;0,00;12/05/2015 00:00:00;11/05/2016 00:00:00;Scoring;10;N;
IT;IT10;117953;147590;10;Lince;20000,00;12/05/2015 00:00:00;11/05/2016 00:00:00;Scoring;10;N;
IT;IT10;126567;147591;10;Lince;20000,00;12/05/2015 00:00                                                                                                                                                                                                                                                                                                                                                                                                                                                                                                                                                                                                                                                                                                                                                                                                                                                                                                                                                                                                                                                                                                                                                                                                                                                                                                                                                                                                                                                                                                                                                                                                                                                                                                                                                                                                                                                                                                                                                                                                                                                                                                                                                                                                                                                                                                                                                                                                                                                                                                                                                                                                                                                                                                                                                                                                                                                                                                                                                                                                                                                                                                                                                                                                                                                                                                                                                                                                                                                                                                                                                                                                                                                                                                                                                                                                                                                                                                                                                                                                                                                                                                                                                                                                                                                                                                                                                                                                                                                                                                                                                                                                                                                                                                                                                                                                                                                                                                                                                                                                                                                                                                                                                                                                                                                                                                                                                                                                                                                                                                                                                                                                                                                                                                                                                                                                                                                                                                                                                                                                                                                                                                                                                                                                                                                                                                                                                                                                                                                                                                                                                                                                                                                                                                                                                                                                                                                                                                                                                                                                                                                                                                                                                                                                                                                                                                                                                                                                                                                                                                                                                                                                                                                                                                                                                                                                                                                                                                                                                                                                                                                                                                                                                                                                                                                                                                                                                                                                                                                                                                                                                                                                                                                                                                                                                                                                                                                                                                                                                                                                                                                                                                                                                                                                                                                                                                                                                                                                                                                                                                                                                                                                                                                                                                                                                                                                                                                                                                                                                                                                                                                                                                                                                                                                                                                                                                                                                                                                                                                                                                                                                                                                                                                                                                                                                                                                                                                                                                                                                                                                                                                                                                                                                                                                                                                                                                                                                                                                                                                                                                                                                                                                                                                                                                                                                                                                                                                                                                                                                                                                                                                                                                                                                                                                                                                                                                                                                                                                                                                                                                                                                                                                                                                                                                                                                                                                                                                                                                                                                                                                                                                                                                                                                                                                                                                                                                                                                                                                                                                                                                                                                                                                                                                                                                                                                                                                                                                                                                                                                                                                                                                                                                                                                                                                                                                                                                                                                                                                                                                                                                                                                                                                                                                                                                                                                                                                                                                                                                                                                                                                                                                                                                                                                                                                                                                                                                                                                                                                                                                                                                                                                                                                                                                                                                                                                                                                                                                                                                                                                                                                                                                                                                                                                                                                                                                                                                                                                                                                                                                                                                                                                                                                                                                                                                                                                                                                                                                                                                                                                                                                                                                                                                                                                                                                                                                                                                                                                                                                                                                                                                                                                                                                                                                                                                                                                                                                                                                                                                                                                                                                                                                                                                                                                                                                                                                                                                                                                                                                                                                                                                                                                                                                                                                                                                                                                                                                                                                                                                                                                                                                                                                                                                                                                                                                